test_loss,test_acc,epoch,step
4.941306114196777,0.8764607906341553,0,0
